species_name,Bifidobacterium bifidum,Bifidobacterium longum,Adlercreutzia equolifaciens,Collinsella aerofaciens,Gordonibacter pamelaeae,Bacteroides caccae,Bacteroides cellulosilyticus,Bacteroides clarus,Bacteroides dorei,Bacteroides eggerthii,Bacteroides faecis,Bacteroides finegoldii,Bacteroides fragilis,Bacteroides intestinalis,Bacteroides massiliensis,Bacteroides nordii,Bacteroides ovatus,Bacteroides salyersiae,Bacteroides stercoris,Bacteroides thetaiotaomicron,Bacteroides uniformis,Bacteroides vulgatus,Bacteroides xylanisolvens,Bacteroidales bacterium,Barnesiella intestinihominis,Coprobacter fastidiosus,Odoribacter splanchnicus,Parabacteroides distasonis,Parabacteroides goldsteinii,Parabacteroides johnsonii,Parabacteroides merdae,Paraprevotella clara,Paraprevotella xylaniphila,Prevotella copri,Alistipes finegoldii,Alistipes indistinctus,Alistipes onderdonkii,Alistipes putredinis,Alistipes senegalensis,Alistipes shahii,Alistipes sp,Streptococcus salivarius,Clostridium bolteae,Clostridium leptum,Flavonifractor plautii,Pseudoflavonifractor capillosus,Eubacterium eligens,Eubacterium hallii,Eubacterium ramulus,Eubacterium rectale,Eubacterium siraeum,Eubacterium ventriosum,Ruminococcus gnavus,Ruminococcus obeum,Ruminococcus torques,Coprococcus catus,Coprococcus comes,Dorea formicigenerans,Dorea longicatena,Lachnospiraceae bacterium,Roseburia hominis,Roseburia intestinalis,Roseburia inulinivorans,Anaerotruncus colihominis,Faecalibacterium prausnitzii,Ruminococcaceae bacterium,Ruminococcus albus,Ruminococcus bromii,Ruminococcus callidus,Ruminococcus lactaris,Holdemania filiformis,Dialister invisus,Veillonella parvula,Burkholderiales bacterium,Oxalobacter formigenes,Parasutterella excrementihominis,Sutterella wadsworthensis,Bilophila wadsworthia,Desulfovibrio desulfuricans,Escherichia coli,Haemophilus parainfluenzae,Akkermansia muciniphila,after Mapping
Bifidobacterium bifidum,817,255,0,0,0,0,0,0,1,0,0,0,16,0,0,0,1,0,0,2,1,6,0,2,0,0,0,0,0,0,0,0,0,0,0,0,0,0,0,0,0,6,0,6,0,0,0,1,0,5,0,0,3,2,2,0,1,0,0,1,0,1,0,0,5,0,0,2,0,1,0,0,1,0,0,0,0,0,0,107,0,3,Bifidobacterium
Bifidobacterium longum,0,1270,0,1,0,3,0,0,0,0,1,1,32,0,0,0,6,0,1,18,2,18,0,1,0,0,0,1,0,1,0,0,0,0,1,0,0,0,0,0,0,12,0,7,0,0,0,2,0,12,0,0,3,4,1,0,0,0,1,1,1,3,1,0,10,0,2,2,2,0,0,1,2,0,0,0,1,3,1,158,0,5,Bifidobacterium bifidum
Adlercreutzia equolifaciens,0,0,8,0,0,0,0,0,0,0,0,0,0,0,0,0,0,0,0,0,0,0,0,0,0,0,0,0,0,0,0,0,0,0,0,0,0,0,0,0,0,0,0,0,2,0,0,0,0,0,0,0,0,0,0,0,0,0,0,0,0,0,0,0,0,0,0,0,0,0,0,0,0,0,0,0,0,0,0,0,0,0,Bifidobacterium longum
Collinsella aerofaciens,0,0,0,26,1,1,0,0,0,0,0,1,2,0,0,0,2,0,0,1,2,2,0,0,0,0,0,1,0,0,0,0,0,1,1,0,0,0,0,0,0,2,0,0,0,0,1,0,0,2,0,0,2,0,4,0,0,0,0,1,0,0,0,0,3,0,0,2,0,0,0,1,0,0,0,0,1,3,1,8,0,1,Adlercreutzia equolifaciens
Gordonibacter pamelaeae,0,0,0,0,8,0,0,0,0,0,0,0,0,0,0,0,0,0,0,0,0,0,0,0,0,0,0,0,0,0,0,0,0,0,0,0,0,0,0,0,0,0,0,0,0,0,0,0,0,0,0,0,0,0,0,0,0,0,0,0,0,0,0,0,0,0,0,0,0,0,0,0,0,0,0,0,0,0,0,0,0,0,Collinsella
Bacteroides caccae,0,0,0,0,0,52,1,0,1,9,0,0,24,1,1,1,19,1,10,25,15,23,1,2,0,0,1,3,0,0,1,0,0,0,0,0,0,0,0,0,0,0,0,0,0,0,0,0,0,1,0,0,0,0,0,0,0,0,0,0,0,0,0,0,2,0,0,0,0,0,0,0,0,0,0,0,0,5,0,11,0,0,Gordonibacter
Bacteroides cellulosilyticus,0,0,0,0,0,0,7,0,1,0,0,0,0,2,0,0,0,0,0,1,1,0,0,0,0,0,0,0,0,0,0,0,0,0,0,0,0,0,0,0,0,0,0,0,0,0,0,0,0,0,0,0,0,0,0,0,0,0,0,0,0,0,0,0,1,0,0,0,0,0,0,0,0,0,0,0,0,0,0,1,0,0,Bacteroides caccae
Bacteroides clarus,0,0,0,0,0,0,0,2,0,0,0,0,0,2,0,0,0,0,0,0,1,0,0,0,0,0,0,0,0,0,0,0,0,0,0,0,0,0,0,0,0,0,0,0,0,0,0,0,0,0,0,0,0,0,0,0,0,0,0,0,0,1,0,0,0,0,0,0,0,0,0,0,0,0,0,0,0,0,0,0,0,0,Bacteroides
Bacteroides dorei,0,0,0,0,0,0,0,0,22,0,0,0,1,1,4,0,3,0,0,3,4,11,2,0,0,0,0,0,1,0,0,0,0,0,0,0,0,0,0,0,0,0,0,0,0,0,0,0,0,0,0,0,0,0,0,0,0,0,0,0,0,1,0,0,2,0,0,0,0,0,0,0,0,0,0,0,0,0,0,3,0,0,Bacteroides
Bacteroides eggerthii,0,0,0,0,0,0,0,0,0,37,0,1,28,0,1,1,21,1,12,23,24,21,0,2,0,0,1,4,0,0,1,1,0,0,1,0,0,0,0,0,0,0,0,0,0,0,0,1,0,0,0,0,0,0,0,0,0,0,0,0,0,0,0,0,0,0,0,1,0,0,0,0,0,0,0,0,0,0,0,2,1,0,Bacteroides dorei
Bacteroides faecis,0,0,0,0,0,0,0,0,0,0,8,1,0,1,0,0,1,0,0,2,1,0,1,0,0,0,0,0,0,0,0,0,0,0,0,0,0,0,0,0,0,0,0,0,0,0,0,0,0,0,0,0,0,0,1,0,0,0,1,1,0,0,1,0,3,0,0,0,0,0,0,0,0,0,0,0,0,1,0,0,0,1,Bacteroides
Bacteroides finegoldii,0,0,0,0,0,0,0,0,0,0,0,10,3,0,0,0,3,0,0,4,1,3,1,2,0,0,0,3,0,0,0,0,0,1,7,0,0,1,0,0,1,0,0,0,0,0,1,0,0,0,0,0,0,0,2,0,0,0,0,1,0,0,0,0,2,1,0,0,0,0,0,0,0,0,0,0,0,1,0,2,0,0,Bacteroides
Bacteroides fragilis,0,0,0,0,0,0,0,0,0,0,0,0,5310,6,2,2,151,1,15,345,87,223,1,16,0,0,2,9,0,0,2,0,0,0,3,0,0,2,0,0,1,7,1,18,0,0,1,2,0,13,0,0,2,2,1,0,0,0,0,2,0,0,0,0,15,0,4,4,3,0,0,0,11,0,0,0,4,35,2,1410,4,7,Bacteroides
Bacteroides intestinalis,0,0,0,0,0,0,0,0,0,0,0,0,0,36,0,0,3,0,0,4,4,5,1,0,0,0,0,0,0,0,0,0,0,1,0,0,0,0,0,0,0,0,0,1,0,0,0,0,0,6,0,0,1,0,0,0,0,0,0,0,0,12,0,0,8,0,1,1,0,0,0,0,0,0,0,0,0,0,0,4,0,0,Bacteroides fragilis
Bacteroides massiliensis,0,0,0,0,0,0,0,0,0,0,0,0,0,0,8,1,0,1,0,2,2,6,0,1,0,0,0,0,1,0,0,0,0,0,0,0,0,0,0,0,0,0,0,0,0,0,0,0,0,0,0,0,0,0,0,0,0,0,0,0,0,0,0,0,0,0,0,0,0,0,0,0,0,0,0,0,0,0,0,1,0,0,Bacteroides
Bacteroides nordii,0,0,0,0,0,0,0,0,0,0,0,0,0,0,0,3,0,1,0,2,1,1,0,1,0,0,0,0,0,0,0,0,0,0,0,0,0,0,0,0,0,0,0,0,0,0,0,0,0,0,0,0,0,0,0,0,0,0,0,0,0,0,0,0,0,0,0,0,0,0,0,0,0,0,0,0,0,0,0,1,0,0,Bacteroides
Bacteroides ovatus,0,0,0,0,0,0,0,0,0,0,0,0,0,0,0,0,268,0,14,146,66,113,8,3,0,0,1,4,0,1,2,0,0,1,1,0,0,0,0,0,0,0,0,1,0,0,0,1,0,2,0,0,1,0,0,0,0,0,0,3,0,1,0,0,2,1,0,0,0,0,0,0,1,0,0,0,0,9,0,35,0,2,Bacteroides
Bacteroides salyersiae,0,0,0,0,0,0,0,0,0,0,0,0,0,0,0,0,0,1,0,1,1,1,0,1,0,0,0,0,0,0,0,0,0,0,0,0,0,0,0,0,0,0,0,0,0,0,0,0,0,0,0,0,0,0,0,0,0,0,0,0,0,0,0,0,0,0,0,0,0,0,0,0,0,0,0,0,0,0,0,0,0,0,Bacteroides
Bacteroides stercoris,0,0,0,0,0,0,0,0,0,0,0,0,0,0,0,0,0,0,35,11,14,14,0,0,1,0,1,1,0,0,1,0,0,0,0,0,0,0,0,0,0,0,0,0,0,0,0,0,0,0,0,0,0,0,0,0,0,0,0,0,0,0,0,0,0,0,0,0,0,0,0,0,0,0,0,0,0,0,0,4,0,0,Bacteroides
Bacteroides thetaiotaomicron,0,0,0,0,0,0,0,0,0,0,0,0,0,0,0,0,0,0,0,750,70,165,9,6,0,0,2,6,0,0,2,0,0,1,1,0,0,0,0,0,0,2,1,8,1,0,3,1,0,8,0,1,5,3,0,1,0,0,1,4,1,3,1,0,11,3,2,4,2,0,0,0,4,0,0,0,0,9,1,147,1,2,Bacteroides
Bacteroides uniformis,0,0,0,0,0,0,0,0,0,0,0,0,0,0,0,0,0,0,0,0,167,77,1,6,0,0,1,4,0,0,1,0,0,2,1,0,0,0,0,0,0,1,0,1,0,0,2,0,0,3,0,0,0,0,2,0,0,0,0,1,0,1,1,0,7,0,0,1,0,0,0,0,1,0,0,0,0,5,0,39,0,2,Bacteroides thetaiotaomicron
Bacteroides vulgatus,0,0,0,0,0,0,0,0,0,0,0,0,0,0,0,0,0,0,0,0,0,443,2,8,0,0,1,6,1,0,1,0,1,3,3,0,0,0,0,0,1,3,0,7,0,0,2,0,0,5,0,0,1,2,2,0,0,0,0,3,0,3,0,0,8,1,4,3,3,0,0,1,6,0,0,0,0,7,1,111,0,0,Bacteroides
Bacteroides xylanisolvens,0,0,0,0,0,0,0,0,0,0,0,0,0,0,0,0,0,0,0,0,0,0,24,0,0,0,0,0,0,0,0,0,0,0,0,0,0,0,0,0,0,0,0,0,0,0,0,0,0,0,0,0,1,0,0,0,0,0,0,2,0,1,0,0,1,1,0,0,0,0,0,0,0,0,0,0,0,0,0,1,0,0,Bacteroides vulgatus
Bacteroidales bacterium,0,0,0,0,0,0,0,0,0,0,0,0,0,0,0,0,0,0,0,0,0,0,0,299,0,0,1,6,0,0,0,0,0,0,3,0,0,0,0,0,1,0,0,1,0,0,0,0,0,0,0,0,0,0,1,0,1,0,0,18,0,0,0,0,1,16,0,1,0,2,0,1,1,6,0,1,0,0,0,73,0,1,Bacteroides
Barnesiella intestinihominis,0,0,0,0,0,0,0,0,0,0,0,0,0,0,0,0,0,0,0,0,0,0,0,0,6,1,0,0,0,0,0,0,0,0,0,0,0,0,0,0,0,0,0,0,0,0,0,0,0,0,0,0,0,0,0,0,0,0,0,0,0,0,0,0,0,0,0,0,0,0,0,0,0,0,0,0,0,0,0,0,0,0,Bacteroidales
Coprobacter fastidiosus,0,0,0,0,0,0,0,0,0,0,0,0,0,0,0,0,0,0,0,0,0,0,0,0,0,2,0,0,0,0,0,0,0,0,0,0,0,0,0,0,0,0,0,0,0,0,0,0,0,0,0,0,0,0,0,0,0,0,0,0,0,0,0,0,0,0,0,0,0,0,0,0,0,0,0,0,0,0,0,0,0,0,Barnesiella intestinihominis
Odoribacter splanchnicus,0,0,0,0,0,0,0,0,0,0,0,0,0,0,0,0,0,0,0,0,0,0,0,0,0,0,7,1,0,0,1,0,0,0,0,1,0,0,0,0,1,0,0,0,0,0,0,0,0,0,0,0,0,0,0,0,0,0,0,0,0,0,0,0,0,0,0,0,0,0,0,0,0,0,0,0,0,0,0,0,0,1,Coprobacter fastidiosus
Parabacteroides distasonis,0,0,0,0,0,0,0,0,0,0,0,0,0,0,0,0,0,0,0,0,0,0,0,0,0,0,0,37,2,0,5,0,0,1,3,0,0,0,0,0,0,0,0,1,0,1,1,1,0,2,0,0,1,0,2,0,0,0,0,0,0,0,0,0,3,0,0,3,0,0,0,0,0,0,0,0,0,1,0,5,0,1,Odoribacter
Parabacteroides goldsteinii,0,0,0,0,0,0,0,0,0,0,0,0,0,0,0,0,0,0,0,0,0,0,0,0,0,0,0,0,9,0,3,0,0,0,0,0,0,0,0,0,0,0,0,0,0,0,0,0,0,0,0,0,0,0,0,0,0,0,0,0,0,0,0,0,0,0,0,0,0,0,0,0,0,0,0,0,0,0,0,1,0,1,Parabacteroides distasonis
Parabacteroides johnsonii,0,0,0,0,0,0,0,0,0,0,0,0,0,0,0,0,0,0,0,0,0,0,0,0,0,0,0,0,0,3,2,0,0,0,0,0,0,0,0,0,0,0,0,0,0,0,0,0,0,0,0,0,0,0,0,0,0,0,0,0,0,0,0,0,0,0,0,0,0,0,0,0,0,0,0,0,0,1,0,0,0,1,Parabacteroides goldsteinii
Parabacteroides merdae,0,0,0,0,0,0,0,0,0,0,0,0,0,0,0,0,0,0,0,0,0,0,0,0,0,0,0,0,0,0,13,0,0,0,0,0,0,1,0,0,1,0,0,0,0,0,0,0,0,0,0,0,0,0,0,0,0,0,0,0,0,0,0,0,0,0,0,0,0,0,0,0,0,0,0,0,0,0,0,0,0,0,Parabacteroides johnsonii
Paraprevotella clara,0,0,0,0,0,0,0,0,0,0,0,0,0,0,0,0,0,0,0,0,0,0,0,0,0,0,0,0,0,0,0,3,1,0,0,0,0,0,0,0,0,0,1,0,0,0,0,0,0,0,1,1,0,0,0,0,0,0,0,0,0,0,0,0,0,0,0,1,0,0,0,0,0,0,0,0,0,0,0,0,1,0,Parabacteroides merdae
Paraprevotella xylaniphila,0,0,0,0,0,0,0,0,0,0,0,0,0,0,0,0,0,0,0,0,0,0,0,0,0,0,0,0,0,0,0,0,3,0,0,0,0,0,0,0,1,0,0,0,0,0,0,0,0,0,0,0,0,0,0,0,0,0,0,0,0,0,0,0,0,0,0,0,0,0,0,0,0,0,0,0,0,0,0,0,0,0,Paraprevotella
Prevotella copri,0,0,0,0,0,0,0,0,0,0,0,0,0,0,0,0,0,0,0,0,0,0,0,0,0,0,0,0,0,0,0,0,0,18,1,0,0,0,0,0,0,0,0,1,0,0,1,0,0,1,0,0,0,0,1,0,0,0,0,0,0,1,0,0,2,0,0,1,0,0,0,0,0,0,0,0,0,1,0,2,0,0,Paraprevotella
Alistipes finegoldii,0,0,0,0,0,0,0,0,0,0,0,0,0,0,0,0,0,0,0,0,0,0,0,0,0,0,0,0,0,0,0,0,0,0,12,0,1,2,0,1,4,0,0,0,0,0,1,0,0,0,0,0,0,0,2,0,0,0,0,1,0,0,0,0,2,2,0,0,0,0,0,0,0,0,0,0,0,1,0,2,0,0,Prevotella copri
Alistipes indistinctus,0,0,0,0,0,0,0,0,0,0,0,0,0,0,0,0,0,0,0,0,0,0,0,0,0,0,0,0,0,0,0,0,0,0,0,1,0,0,0,0,1,0,0,0,0,0,0,0,0,0,0,0,0,0,0,0,0,0,0,0,0,0,0,0,0,0,0,0,0,0,0,0,0,0,0,0,0,0,0,0,0,0,Alistipes finegoldii
Alistipes onderdonkii,0,0,0,0,0,0,0,0,0,0,0,0,0,0,0,0,0,0,0,0,0,0,0,0,0,0,0,0,0,0,0,0,0,0,0,0,1,0,0,1,1,0,0,0,0,0,0,0,0,0,0,0,0,0,0,0,0,0,0,0,0,0,0,0,0,0,0,0,0,0,0,0,0,0,0,0,0,0,0,0,0,0,Alistipes indistinctus
Alistipes putredinis,0,0,0,0,0,0,0,0,0,0,0,0,0,0,0,0,0,0,0,0,0,0,0,0,0,0,0,0,0,0,0,0,0,0,0,0,0,5,0,0,3,0,0,0,0,0,0,1,0,0,0,0,0,0,0,0,0,0,0,0,0,0,0,0,0,0,0,0,0,0,0,0,0,1,0,0,0,0,0,0,0,0,Alistipes onderdonkii
Alistipes senegalensis,0,0,0,0,0,0,0,0,0,0,0,0,0,0,0,0,0,0,0,0,0,0,0,0,0,0,0,0,0,0,0,0,0,0,0,0,0,0,1,0,1,0,0,0,0,0,0,0,0,0,0,0,0,0,0,0,0,0,0,0,0,0,0,0,0,0,0,0,0,0,0,0,0,0,0,0,0,0,0,0,0,0,Alistipes
Alistipes shahii,0,0,0,0,0,0,0,0,0,0,0,0,0,0,0,0,0,0,0,0,0,0,0,0,0,0,0,0,0,0,0,0,0,0,0,0,0,0,0,2,2,0,0,0,0,0,0,0,0,0,0,0,0,0,0,0,0,0,0,0,0,0,0,0,0,0,0,0,0,0,0,0,0,0,0,0,0,0,0,0,0,0,Alistipes
Alistipes sp,0,0,0,0,0,0,0,0,0,0,0,0,0,0,0,0,0,0,0,0,0,0,0,0,0,0,0,0,0,0,0,0,0,0,0,0,0,0,0,0,17,0,0,0,0,0,0,0,0,0,0,0,0,0,0,0,0,0,0,0,0,0,0,0,0,0,0,0,0,0,0,0,0,0,0,0,0,0,0,0,0,0,Alistipes shahii
Streptococcus salivarius,0,0,0,0,0,0,0,0,0,0,0,0,0,0,0,0,0,0,0,0,0,0,0,0,0,0,0,0,0,0,0,0,0,0,0,0,0,0,0,0,0,1410,0,0,0,0,0,0,0,0,0,0,1,0,0,0,0,0,0,0,0,0,0,0,1,0,0,0,0,0,0,0,18,0,0,0,0,0,0,98,3,1,Alistipes
Clostridium bolteae,0,0,0,0,0,0,0,0,0,0,0,0,0,0,0,0,0,0,0,0,0,0,0,0,0,0,0,0,0,0,0,0,0,0,0,0,0,0,0,0,0,0,23,0,1,0,0,0,0,0,1,2,0,1,0,1,0,0,0,3,0,0,0,0,2,0,0,1,0,1,0,0,0,0,0,0,0,1,0,1,0,0,Streptococcus salivarius
Clostridium leptum,0,0,0,0,0,0,0,0,0,0,0,0,0,0,0,0,0,0,0,0,0,0,0,0,0,0,0,0,0,0,0,0,0,0,0,0,0,0,0,0,0,0,0,155,0,0,0,2,0,17,0,0,2,5,3,0,0,0,0,0,0,2,0,2,22,2,2,5,4,0,0,0,0,0,0,0,0,0,0,11,0,1,Clostridium bolteae
Flavonifractor plautii,0,0,0,0,0,0,0,0,0,0,0,0,0,0,0,0,0,0,0,0,0,0,0,0,0,0,0,0,0,0,0,0,0,0,0,0,0,0,0,0,0,0,0,0,9,2,0,1,1,0,0,1,1,2,0,1,0,0,0,0,0,0,0,0,0,0,0,1,0,0,0,0,0,0,0,0,0,0,0,1,0,0,Clostridium leptum
Pseudoflavonifractor capillosus,0,0,0,0,0,0,0,0,0,0,0,0,0,0,0,0,0,0,0,0,0,0,0,0,0,0,0,0,0,0,0,0,0,0,0,0,0,0,0,0,0,0,0,0,0,4,0,0,0,0,0,0,0,0,0,0,0,0,0,0,0,0,0,0,0,0,0,0,0,0,1,0,0,0,0,0,0,0,0,0,0,0,Flavonifractor
Eubacterium eligens,0,0,0,0,0,0,0,0,0,0,0,0,0,0,0,0,0,0,0,0,0,0,0,0,0,0,0,0,0,0,0,0,0,0,0,0,0,0,0,0,0,0,0,0,0,0,9,0,0,2,0,0,0,0,1,0,0,0,0,0,0,0,0,0,3,0,0,0,0,0,0,0,0,0,0,0,0,1,0,4,0,0,Pseudoflavonifractor
Eubacterium hallii,0,0,0,0,0,0,0,0,0,0,0,0,0,0,0,0,0,0,0,0,0,0,0,0,0,0,0,0,0,0,0,0,0,0,0,0,0,0,0,0,0,0,0,0,0,0,0,21,0,5,0,0,1,2,0,0,0,0,0,0,0,2,0,0,6,0,0,0,0,0,0,0,0,1,0,0,0,0,0,0,0,0,Eubacterium
Eubacterium ramulus,0,0,0,0,0,0,0,0,0,0,0,0,0,0,0,0,0,0,0,0,0,0,0,0,0,0,0,0,0,0,0,0,0,0,0,0,0,0,0,0,0,0,0,0,0,0,0,0,24,2,0,0,0,1,0,0,0,0,0,0,0,1,0,0,0,0,0,0,0,0,0,0,0,0,0,0,0,0,0,3,0,0,Eubacterium hallii
Eubacterium rectale,0,0,0,0,0,0,0,0,0,0,0,0,0,0,0,0,0,0,0,0,0,0,0,0,0,0,0,0,0,0,0,0,0,0,0,0,0,0,0,0,0,0,0,0,0,0,0,0,0,173,0,0,0,2,1,0,0,1,0,1,1,14,1,0,34,0,3,12,1,1,0,0,1,0,0,0,0,1,1,16,0,3,Eubacterium
Eubacterium siraeum,0,0,0,0,0,0,0,0,0,0,0,0,0,0,0,0,0,0,0,0,0,0,0,0,0,0,0,0,0,0,0,0,0,0,0,0,0,0,0,0,0,0,0,0,0,0,0,0,0,0,4,1,0,0,0,0,0,0,0,1,0,0,0,0,1,0,1,0,0,0,0,0,0,0,0,0,0,0,0,1,0,0,Eubacterium
Eubacterium ventriosum,0,0,0,0,0,0,0,0,0,0,0,0,0,0,0,0,0,0,0,0,0,0,0,0,0,0,0,0,0,0,0,0,0,0,0,0,0,0,0,0,0,0,0,0,0,0,0,0,0,0,0,7,0,1,0,1,0,0,0,0,0,1,0,0,0,0,0,1,0,0,0,0,0,0,0,0,0,0,0,0,0,0,Eubacterium
Ruminococcus gnavus,0,0,0,0,0,0,0,0,0,0,0,0,0,0,0,0,0,0,0,0,0,0,0,0,0,0,0,0,0,0,0,0,0,0,0,0,0,0,0,0,0,0,0,0,0,0,0,0,0,0,0,0,65,4,11,0,0,0,2,3,0,1,0,0,5,0,2,2,1,2,0,1,0,0,0,0,1,0,0,9,1,3,Eubacterium
Ruminococcus obeum,0,0,0,0,0,0,0,0,0,0,0,0,0,0,0,0,0,0,0,0,0,0,0,0,0,0,0,0,0,0,0,0,0,0,0,0,0,0,0,0,0,0,0,0,0,0,0,0,0,0,0,0,0,28,2,2,0,0,0,3,1,1,2,0,0,0,5,5,4,2,0,0,0,0,0,0,0,0,0,4,0,0,Ruminococcus
Ruminococcus torques,0,0,0,0,0,0,0,0,0,0,0,0,0,0,0,0,0,0,0,0,0,0,0,0,0,0,0,0,0,0,0,0,0,0,0,0,0,0,0,0,0,0,0,0,0,0,0,0,0,0,0,0,0,0,31,0,1,0,0,1,0,0,1,0,4,1,1,3,1,3,0,1,0,0,0,0,1,1,1,6,0,3,Ruminococcus obeum
Coprococcus catus,0,0,0,0,0,0,0,0,0,0,0,0,0,0,0,0,0,0,0,0,0,0,0,0,0,0,0,0,0,0,0,0,0,0,0,0,0,0,0,0,0,0,0,0,0,0,0,0,0,0,0,0,0,0,0,5,0,0,0,1,0,0,1,0,0,0,1,2,0,0,0,0,0,0,0,0,0,0,0,0,0,0,Ruminococcus
Coprococcus comes,0,0,0,0,0,0,0,0,0,0,0,0,0,0,0,0,0,0,0,0,0,0,0,0,0,0,0,0,0,0,0,0,0,0,0,0,0,0,0,0,0,0,0,0,0,0,0,0,0,0,0,0,0,0,0,0,9,0,0,1,0,0,0,0,1,1,0,1,0,1,0,0,0,0,0,0,0,0,0,0,0,0,Coprococcus
Dorea formicigenerans,0,0,0,0,0,0,0,0,0,0,0,0,0,0,0,0,0,0,0,0,0,0,0,0,0,0,0,0,0,0,0,0,0,0,0,0,0,0,0,0,0,0,0,0,0,0,0,0,0,0,0,0,0,0,0,0,0,3,1,0,0,0,0,0,0,0,0,0,0,0,0,0,0,0,0,0,0,0,0,0,0,0,Coprococcus
Dorea longicatena,0,0,0,0,0,0,0,0,0,0,0,0,0,0,0,0,0,0,0,0,0,0,0,0,0,0,0,0,0,0,0,0,0,0,0,0,0,0,0,0,0,0,0,0,0,0,0,0,0,0,0,0,0,0,0,0,0,0,5,0,0,0,0,1,2,0,0,0,0,0,0,0,0,0,0,0,0,1,0,1,0,1,Dorea formicigenerans
Lachnospiraceae bacterium,0,0,0,0,0,0,0,0,0,0,0,0,0,0,0,0,0,0,0,0,0,0,0,0,0,0,0,0,0,0,0,0,0,0,0,0,0,0,0,0,0,0,0,0,0,0,0,0,0,0,0,0,0,0,0,0,0,0,0,268,1,1,2,0,7,93,1,1,0,1,0,2,3,0,0,0,0,0,0,16,0,1,Dorea longicatena
Roseburia hominis,0,0,0,0,0,0,0,0,0,0,0,0,0,0,0,0,0,0,0,0,0,0,0,0,0,0,0,0,0,0,0,0,0,0,0,0,0,0,0,0,0,0,0,0,0,0,0,0,0,0,0,0,0,0,0,0,0,0,0,0,10,3,3,0,2,0,0,0,0,0,0,0,0,0,0,0,0,0,0,0,0,0,Lachnospiraceae
Roseburia intestinalis,0,0,0,0,0,0,0,0,0,0,0,0,0,0,0,0,0,0,0,0,0,0,0,0,0,0,0,0,0,0,0,0,0,0,0,0,0,0,0,0,0,0,0,0,0,0,0,0,0,0,0,0,0,0,0,0,0,0,0,0,0,35,2,0,11,0,1,1,0,0,0,0,0,0,0,0,0,0,0,3,0,2,Roseburia hominis
Roseburia inulinivorans,0,0,0,0,0,0,0,0,0,0,0,0,0,0,0,0,0,0,0,0,0,0,0,0,0,0,0,0,0,0,0,0,0,0,0,0,0,0,0,0,0,0,0,0,0,0,0,0,0,0,0,0,0,0,0,0,0,0,0,0,0,0,15,0,2,1,0,0,0,0,0,0,0,0,0,0,0,0,0,3,0,0,Roseburia intestinalis
Anaerotruncus colihominis,0,0,0,0,0,0,0,0,0,0,0,0,0,0,0,0,0,0,0,0,0,0,0,0,0,0,0,0,0,0,0,0,0,0,0,0,0,0,0,0,0,0,0,0,0,0,0,0,0,0,0,0,0,0,0,0,0,0,0,0,0,0,0,5,0,0,0,1,1,0,0,0,0,0,0,0,0,0,0,1,0,0,Roseburia inulinivorans
Faecalibacterium prausnitzii,0,0,0,0,0,0,0,0,0,0,0,0,0,0,0,0,0,0,0,0,0,0,0,0,0,0,0,0,0,0,0,0,0,0,0,0,0,0,0,0,0,0,0,0,0,0,0,0,0,0,0,0,0,0,0,0,0,0,0,0,0,0,0,0,277,9,2,6,2,0,0,1,0,0,0,0,0,4,0,45,0,19,Anaerotruncus colihominis
Ruminococcaceae bacterium,0,0,0,0,0,0,0,0,0,0,0,0,0,0,0,0,0,0,0,0,0,0,0,0,0,0,0,0,0,0,0,0,0,0,0,0,0,0,0,0,0,0,0,0,0,0,0,0,0,0,0,0,0,0,0,0,0,0,0,0,0,0,0,0,0,161,1,2,0,1,0,1,0,0,0,0,0,0,0,5,0,0,Faecalibacterium prausnitzii
Ruminococcus albus,0,0,0,0,0,0,0,0,0,0,0,0,0,0,0,0,0,0,0,0,0,0,0,0,0,0,0,0,0,0,0,0,0,0,0,0,0,0,0,0,0,0,0,0,0,0,0,0,0,0,0,0,0,0,0,0,0,0,0,0,0,0,0,0,0,0,312,7,5,2,0,0,1,0,0,0,0,0,1,39,0,0,Ruminococcaceae
Ruminococcus bromii,0,0,0,0,0,0,0,0,0,0,0,0,0,0,0,0,0,0,0,0,0,0,0,0,0,0,0,0,0,0,0,0,0,0,0,0,0,0,0,0,0,0,0,0,0,0,0,0,0,0,0,0,0,0,0,0,0,0,0,0,0,0,0,0,0,0,0,40,6,3,0,0,1,0,0,0,0,1,0,5,1,1,Ruminococcus
Ruminococcus callidus,0,0,0,0,0,0,0,0,0,0,0,0,0,0,0,0,0,0,0,0,0,0,0,0,0,0,0,0,0,0,0,0,0,0,0,0,0,0,0,0,0,0,0,0,0,0,0,0,0,0,0,0,0,0,0,0,0,0,0,0,0,0,0,0,0,0,0,0,7,1,0,0,0,0,0,0,0,0,0,3,0,0,Ruminococcus
Ruminococcus lactaris,0,0,0,0,0,0,0,0,0,0,0,0,0,0,0,0,0,0,0,0,0,0,0,0,0,0,0,0,0,0,0,0,0,0,0,0,0,0,0,0,0,0,0,0,0,0,0,0,0,0,0,0,0,0,0,0,0,0,0,0,0,0,0,0,0,0,0,0,0,9,0,1,0,0,0,1,0,0,0,2,0,0,Ruminococcus
Holdemania filiformis,0,0,0,0,0,0,0,0,0,0,0,0,0,0,0,0,0,0,0,0,0,0,0,0,0,0,0,0,0,0,0,0,0,0,0,0,0,0,0,0,0,0,0,0,0,0,0,0,0,0,0,0,0,0,0,0,0,0,0,0,0,0,0,0,0,0,0,0,0,0,4,0,0,0,0,0,0,0,0,0,0,0,Ruminococcus
Dialister invisus,0,0,0,0,0,0,0,0,0,0,0,0,0,0,0,0,0,0,0,0,0,0,0,0,0,0,0,0,0,0,0,0,0,0,0,0,0,0,0,0,0,0,0,0,0,0,0,0,0,0,0,0,0,0,0,0,0,0,0,0,0,0,0,0,0,0,0,0,0,0,0,31,0,0,0,1,0,0,0,3,1,0,Holdemania filiformis
Veillonella parvula,0,0,0,0,0,0,0,0,0,0,0,0,0,0,0,0,0,0,0,0,0,0,0,0,0,0,0,0,0,0,0,0,0,0,0,0,0,0,0,0,0,0,0,0,0,0,0,0,0,0,0,0,0,0,0,0,0,0,0,0,0,0,0,0,0,0,0,0,0,0,0,0,287,0,0,0,0,0,0,19,3,0,Dialister
Burkholderiales bacterium,0,0,0,0,0,0,0,0,0,0,0,0,0,0,0,0,0,0,0,0,0,0,0,0,0,0,0,0,0,0,0,0,0,0,0,0,0,0,0,0,0,0,0,0,0,0,0,0,0,0,0,0,0,0,0,0,0,0,0,0,0,0,0,0,0,0,0,0,0,0,0,0,0,142,0,1,0,0,0,3,0,0,Veillonella parvula
Oxalobacter formigenes,0,0,0,0,0,0,0,0,0,0,0,0,0,0,0,0,0,0,0,0,0,0,0,0,0,0,0,0,0,0,0,0,0,0,0,0,0,0,0,0,0,0,0,0,0,0,0,0,0,0,0,0,0,0,0,0,0,0,0,0,0,0,0,0,0,0,0,0,0,0,0,0,0,0,173,0,0,0,0,17,0,0,Burkholderiales
Parasutterella excrementihominis,0,0,0,0,0,0,0,0,0,0,0,0,0,0,0,0,0,0,0,0,0,0,0,0,0,0,0,0,0,0,0,0,0,0,0,0,0,0,0,0,0,0,0,0,0,0,0,0,0,0,0,0,0,0,0,0,0,0,0,0,0,0,0,0,0,0,0,0,0,0,0,0,0,0,0,3,0,0,0,1,0,0,Oxalobacter formigenes
Sutterella wadsworthensis,0,0,0,0,0,0,0,0,0,0,0,0,0,0,0,0,0,0,0,0,0,0,0,0,0,0,0,0,0,0,0,0,0,0,0,0,0,0,0,0,0,0,0,0,0,0,0,0,0,0,0,0,0,0,0,0,0,0,0,0,0,0,0,0,0,0,0,0,0,0,0,0,0,0,0,0,19,5,0,1,0,0,Parasutterella excrementihominis
Bilophila wadsworthia,0,0,0,0,0,0,0,0,0,0,0,0,0,0,0,0,0,0,0,0,0,0,0,0,0,0,0,0,0,0,0,0,0,0,0,0,0,0,0,0,0,0,0,0,0,0,0,0,0,0,0,0,0,0,0,0,0,0,0,0,0,0,0,0,0,0,0,0,0,0,0,0,0,0,0,0,0,116,4,16,0,5,Sutterella wadsworthensis
Desulfovibrio desulfuricans,0,0,0,0,0,0,0,0,0,0,0,0,0,0,0,0,0,0,0,0,0,0,0,0,0,0,0,0,0,0,0,0,0,0,0,0,0,0,0,0,0,0,0,0,0,0,0,0,0,0,0,0,0,0,0,0,0,0,0,0,0,0,0,0,0,0,0,0,0,0,0,0,0,0,0,0,0,0,665,61,0,0,Bilophila wadsworthia
Escherichia coli,0,0,0,0,0,0,0,0,0,0,0,0,0,0,0,0,0,0,0,0,0,0,0,0,0,0,0,0,0,0,0,0,0,0,0,0,0,0,0,0,0,0,0,0,0,0,0,0,0,0,0,0,0,0,0,0,0,0,0,0,0,0,0,0,0,0,0,0,0,0,0,0,0,0,0,0,0,0,0,344000,91,15,Desulfovibrio desulfuricans
Haemophilus parainfluenzae,0,0,0,0,0,0,0,0,0,0,0,0,0,0,0,0,0,0,0,0,0,0,0,0,0,0,0,0,0,0,0,0,0,0,0,0,0,0,0,0,0,0,0,0,0,0,0,0,0,0,0,0,0,0,0,0,0,0,0,0,0,0,0,0,0,0,0,0,0,0,0,0,0,0,0,0,0,0,0,0,833,0,Escherichia coli
Akkermansia muciniphila,0,0,0,0,0,0,0,0,0,0,0,0,0,0,0,0,0,0,0,0,0,0,0,0,0,0,0,0,0,0,0,0,0,0,0,0,0,0,0,0,0,0,0,0,0,0,0,0,0,0,0,0,0,0,0,0,0,0,0,0,0,0,0,0,0,0,0,0,0,0,0,0,0,0,0,0,0,0,0,0,0,132,Haemophilus parainfluenzae
,,,,,,,,,,,,,,,,,,,,,,,,,,,,,,,,,,,,,,,,,,,,,,,,,,,,,,,,,,,,,,,,,,,,,,,,,,,,,,,,,,,Akkermansia muciniphila
